{
	"info": {
		"_postman_id": "74af0719-fa43-4634-9159-4600f1939c61",
		"name": "SpringBootCourse",
		"schema": "https://schema.getpostman.com/json/collection/v2.1.0/collection.json",
		"_exporter_id": "5350596"
	},
	"item": [
		{
			"name": "Create Category: localhost:8080/api/categories",
			"request": {
				"method": "POST",
				"header": [],
				"body": {
					"mode": "raw",
					"raw": "{\r\n    \"name\": \"Electronics\"\r\n}",
					"options": {
						"raw": {
							"language": "json"
						}
					}
				},
				"url": {
					"raw": "localhost:8080/api/categories",
					"host": [
						"localhost"
					],
					"port": "8080",
					"path": [
						"api",
						"categories"
					]
				}
			},
			"response": []
		},
		{
			"name": "Create Product: localhost:8080/api/products",
			"request": {
				"method": "POST",
				"header": [],
				"body": {
					"mode": "raw",
					"raw": "{\r\n    \"name\": \"Smartphone\",\r\n    \"description\": \"Latest 5G smartphone\", \r\n    \"price\": 12000,\r\n    \"categoryId\": \"1\"\r\n}",
					"options": {
						"raw": {
							"language": "json"
						}
					}
				},
				"url": {
					"raw": "localhost:8080/api/products",
					"host": [
						"localhost"
					],
					"port": "8080",
					"path": [
						"api",
						"products"
					]
				}
			},
			"response": []
		},
		{
			"name": "Get Category: localhost:8080/api/categories/1",
			"request": {
				"method": "GET",
				"header": [],
				"url": {
					"raw": "localhost:8080/api/categories/1",
					"host": [
						"localhost"
					],
					"port": "8080",
					"path": [
						"api",
						"categories",
						"1"
					]
				}
			},
			"response": []
		},
		{
			"name": "Get All Products: localhost:8080/api/products/1",
			"request": {
				"method": "GET",
				"header": [],
				"url": {
					"raw": "localhost:8080/api/products",
					"host": [
						"localhost"
					],
					"port": "8080",
					"path": [
						"api",
						"products"
					]
				}
			},
			"response": []
		},
		{
			"name": "Get All Categories: localhost:8080/api/categories",
			"request": {
				"method": "GET",
				"header": [],
				"url": {
					"raw": "localhost:8080/api/categories",
					"host": [
						"localhost"
					],
					"port": "8080",
					"path": [
						"api",
						"categories"
					]
				}
			},
			"response": []
		},
		{
			"name": "Get Product: localhost:8080/api/products/1",
			"request": {
				"method": "GET",
				"header": [],
				"url": {
					"raw": "localhost:8080/api/products/2",
					"host": [
						"localhost"
					],
					"port": "8080",
					"path": [
						"api",
						"products",
						"2"
					]
				}
			},
			"response": []
		},
		{
			"name": "Update Product: localhost:8080/api/products/3",
			"request": {
				"method": "PUT",
				"header": [],
				"body": {
					"mode": "raw",
					"raw": "{\r\n    \"id\": 3,\r\n    \"name\": \"T-Shirt\",\r\n    \"description\": \"Cotton t-shirt with prints\",\r\n    \"price\": 250.0,\r\n    \"categoryId\": 2\r\n}",
					"options": {
						"raw": {
							"language": "json"
						}
					}
				},
				"url": {
					"raw": "localhost:8080/api/products/3",
					"host": [
						"localhost"
					],
					"port": "8080",
					"path": [
						"api",
						"products",
						"3"
					]
				}
			},
			"response": []
		},
		{
			"name": "Delete Category: localhost:8080/api/categories/2",
			"request": {
				"method": "DELETE",
				"header": [],
				"url": {
					"raw": "localhost:8080/api/categories/2",
					"host": [
						"localhost"
					],
					"port": "8080",
					"path": [
						"api",
						"categories",
						"2"
					]
				}
			},
			"response": []
		},
		{
			"name": "Delete Product: localhost:8080/api/products/3",
			"request": {
				"method": "DELETE",
				"header": [],
				"url": {
					"raw": "localhost:8080/api/products/3",
					"host": [
						"localhost"
					],
					"port": "8080",
					"path": [
						"api",
						"products",
						"3"
					]
				}
			},
			"response": []
		}
	]
}